{"train/loss":6.012113094329834,"_timestamp":1.757844780682542e+09,"_step":10,"_wandb":{"runtime":398},"_runtime":398.952813667}