{"_timestamp":1.7578438778824499e+09,"_step":10,"train/loss":5.970586776733398,"_wandb":{"runtime":452},"_runtime":452.763378166}