{"_timestamp":1.75785533462514e+09,"_step":7,"train/loss":3.0957589149475098,"_wandb":{"runtime":399},"_runtime":399.398113458}